<environmentvariabledefinition schemaname="cr635_SharePointEmployeeList">
  <apiid>/providers/microsoft.powerapps/apis/shared_sharepointonline</apiid>
  <description default="Stores the sharepoint list where employee details are stored">
    <label description="Stores the sharepoint list where employee details are stored" languagecode="1033" />
  </description>
  <displayname default="SharePoint Employee List">
    <label description="SharePoint Employee List" languagecode="1033" />
  </displayname>
  <introducedversion>1.0.0.0</introducedversion>
  <iscustomizable>1</iscustomizable>
  <isrequired>0</isrequired>
  <parameterkey>table</parameterkey>
  <parentdefinitionid>
    <schemaname>cr635_SharePointSite</schemaname>
  </parentdefinitionid>
  <secretstore>0</secretstore>
  <type>100000004</type>
</environmentvariabledefinition>