{
  "properties": {
    "connectionReferences": {
      "shared_sharepointonline": {
        "runtimeSource": "invoker",
        "connection": {
          "connectionReferenceLogicalName": "cr635_sharedsharepointonline_3c374"
        },
        "api": {
          "name": "shared_sharepointonline"
        }
      },
      "shared_teams": {
        "runtimeSource": "invoker",
        "connection": {
          "connectionReferenceLogicalName": "cr635_sharedteams_934a1"
        },
        "api": {
          "name": "shared_teams"
        }
      }
    },
    "definition": {
      "$schema": "https://schema.management.azure.com/providers/Microsoft.Logic/schemas/2016-06-01/workflowdefinition.json#",
      "contentVersion": "1.0.0.0",
      "parameters": {
        "$connections": {
          "defaultValue": {},
          "type": "Object"
        },
        "$authentication": {
          "defaultValue": {},
          "type": "SecureObject"
        },
        "SharePointSite (cr635_SharePointSite)": {
          "defaultValue": "https://8vz2bj.sharepoint.com/sites/datanived",
          "type": "String",
          "metadata": {
            "schemaName": "cr635_SharePointSite",
            "description": "stores the employee details sharepoint site"
          }
        },
        "SharePoint Employee List (cr635_SharePointEmployeeList)": {
          "defaultValue": "af15be06-4009-449b-a53b-2f74c03441b2",
          "type": "String",
          "metadata": {
            "schemaName": "cr635_SharePointEmployeeList",
            "description": "Stores the sharepoint list where employee details are stored"
          }
        },
        "Overtime Sharepoint list name (cr635_OvertimeSharepointlistname)": {
          "defaultValue": "Overtime List",
          "type": "String",
          "metadata": {
            "schemaName": "cr635_OvertimeSharepointlistname"
          }
        }
      },
      "triggers": {
        "manual": {
          "metadata": {
            "operationMetadataId": "4ba88adb-ad0b-403d-9c2c-502044cf4a60"
          },
          "type": "Request",
          "kind": "Button",
          "inputs": {
            "schema": {
              "type": "object",
              "properties": {
                "number": {
                  "title": "Month",
                  "type": "number",
                  "x-ms-dynamically-added": true,
                  "description": "Please enter a number between 1 & 12",
                  "x-ms-content-hint": "NUMBER"
                },
                "number_1": {
                  "title": "Year",
                  "type": "number",
                  "x-ms-dynamically-added": true,
                  "description": "Please enter the year",
                  "x-ms-content-hint": "NUMBER"
                }
              },
              "required": [
                "number",
                "number_1"
              ]
            },
            "headersSchema": {
              "x-ms-user-email-encoded": {
                "title": "User email",
                "type": "string",
                "format": "byte",
                "x-ms-dynamically-added": false
              }
            }
          }
        }
      },
      "actions": {
        "Get_items_-_Employee_details": {
          "runAfter": {
            "Initialize_variable-_Sharepoint_List_name": [
              "Succeeded"
            ]
          },
          "metadata": {
            "operationMetadataId": "91d12458-e1f0-4fac-9c0f-c13506a1877c"
          },
          "type": "OpenApiConnection",
          "inputs": {
            "host": {
              "connectionName": "shared_sharepointonline",
              "operationId": "GetItems",
              "apiId": "/providers/Microsoft.PowerApps/apis/shared_sharepointonline"
            },
            "parameters": {
              "dataset": "@parameters('SharePointSite (cr635_SharePointSite)')",
              "table": "@parameters('SharePoint Employee List (cr635_SharePointEmployeeList)')",
              "$top": 5000
            },
            "authentication": {
              "type": "Raw",
              "value": "@json(decodeBase64(triggerOutputs().headers['X-MS-APIM-Tokens']))['$ConnectionKey']"
            }
          }
        },
        "Select_-_Constructing_the_adaptive_card_calendar": {
          "runAfter": {
            "Get_items_-_Employee_details": [
              "Succeeded"
            ]
          },
          "metadata": {
            "operationMetadataId": "5f758cd1-1f70-4597-9f36-aedb4232ecc3"
          },
          "type": "Select",
          "inputs": {
            "from": "@chunk(range(1,DayofMonth(addDays(addToTime(concat(string(triggerBody()['number_1']),'-',string(triggerBody()['number']),'-01'),1,'Month'),-1))),7)",
            "select": {
              "type": "TableRow",
              "cells": [
                {
                  "type": "TableCell",
                  "items": [
                    {
                      "type": "TextBlock",
                      "text": "@{if(equals(item()?[0],null),'',item()?[0])}",
                      "wrap": true,
                      "weight": "Bolder"
                    },
                    {
                      "type": "Input.Toggle",
                      "title": "\n",
                      "isVisible": "@{if(and(not(equals(item()?[0],null)),not(or(equals(formatDateTime(concat(triggerBody()['number_1'],'-',triggerBody()['number'],'-',item()?[0]),'ddd'),'Sat'),equals(formatDateTime(concat(triggerBody()['number_1'],'-',triggerBody()['number'],'-',item()?[0]),'ddd'),'Sun')))),true,false)}",
                      "id": "@{if(equals(item()?[0],null),guid(),concat('OData__x0044_ay',string(item()?[0])))}",
                      "wrap": "true"
                    }
                  ]
                },
                {
                  "type": "TableCell",
                  "items": [
                    {
                      "type": "TextBlock",
                      "text": "@{if(equals(item()?[1],null),'',item()?[1])}",
                      "wrap": "true",
                      "weight": "Bolder"
                    },
                    {
                      "type": "Input.Toggle",
                      "title": "\n",
                      "isVisible": "@{if(and(not(equals(item()?[1],null)),not(or(equals(formatDateTime(concat(triggerBody()['number_1'],'-',triggerBody()['number'],'-',item()?[1]),'ddd'),'Sat'),equals(formatDateTime(concat(triggerBody()['number_1'],'-',triggerBody()['number'],'-',item()?[1]),'ddd'),'Sun')))),true,false)}",
                      "id": "@{if(equals(item()?[1],null),guid(),concat('OData__x0044_ay',string(item()?[1])))}",
                      "wrap": "true"
                    }
                  ]
                },
                {
                  "type": "TableCell",
                  "items": [
                    {
                      "type": "TextBlock",
                      "text": "@{if(equals(item()?[2],null),'',item()?[2])}",
                      "wrap": true,
                      "weight": "Bolder"
                    },
                    {
                      "type": "Input.Toggle",
                      "title": "\n",
                      "isVisible": "@{if(and(not(equals(item()?[2],null)),not(or(equals(formatDateTime(concat(triggerBody()['number_1'],'-',triggerBody()['number'],'-',item()?[2]),'ddd'),'Sat'),equals(formatDateTime(concat(triggerBody()['number_1'],'-',triggerBody()['number'],'-',item()?[2]),'ddd'),'Sun')))),true,false)}",
                      "id": "@{if(equals(item()?[2],null),guid(),concat('OData__x0044_ay',string(item()?[2])))}",
                      "wrap": "true"
                    }
                  ]
                },
                {
                  "type": "TableCell",
                  "items": [
                    {
                      "type": "TextBlock",
                      "text": "@{if(equals(item()?[3],null),'',item()?[3])}",
                      "wrap": true,
                      "weight": "Bolder"
                    },
                    {
                      "type": "Input.Toggle",
                      "title": "\n",
                      "isVisible": "@{if(and(not(equals(item()?[3],null)),not(or(equals(formatDateTime(concat(triggerBody()['number_1'],'-',triggerBody()['number'],'-',item()?[3]),'ddd'),'Sat'),equals(formatDateTime(concat(triggerBody()['number_1'],'-',triggerBody()['number'],'-',item()?[3]),'ddd'),'Sun')))),true,false)}",
                      "id": "@{if(equals(item()?[3],null),guid(),concat('OData__x0044_ay',string(item()?[3])))}",
                      "wrap": "true"
                    }
                  ]
                },
                {
                  "type": "TableCell",
                  "items": [
                    {
                      "type": "TextBlock",
                      "text": "@{if(equals(item()?[4],null),'',item()?[4])}",
                      "wrap": true,
                      "weight": "Bolder"
                    },
                    {
                      "type": "Input.Toggle",
                      "title": "\n",
                      "isVisible": "@{if(and(not(equals(item()?[4],null)),not(or(equals(formatDateTime(concat(triggerBody()['number_1'],'-',triggerBody()['number'],'-',item()?[4]),'ddd'),'Sat'),equals(formatDateTime(concat(triggerBody()['number_1'],'-',triggerBody()['number'],'-',item()?[4]),'ddd'),'Sun')))),true,false)}",
                      "id": "@{if(equals(item()?[4],null),guid(),concat('OData__x0044_ay',string(item()?[4])))}",
                      "wrap": "true"
                    }
                  ]
                },
                {
                  "type": "TableCell",
                  "items": [
                    {
                      "type": "TextBlock",
                      "text": "@{if(equals(item()?[5],null),'',item()?[5])}",
                      "wrap": true,
                      "weight": "Bolder"
                    },
                    {
                      "type": "Input.Toggle",
                      "title": "\n",
                      "isVisible": "@{if(and(not(equals(item()?[5],null)),not(or(equals(formatDateTime(concat(triggerBody()['number_1'],'-',triggerBody()['number'],'-',item()?[5]),'ddd'),'Sat'),equals(formatDateTime(concat(triggerBody()['number_1'],'-',triggerBody()['number'],'-',item()?[5]),'ddd'),'Sun')))),true,false)}",
                      "id": "@{if(equals(item()?[5],null),guid(),concat('OData__x0044_ay',string(item()?[5])))}",
                      "wrap": "true"
                    }
                  ]
                },
                {
                  "type": "TableCell",
                  "items": [
                    {
                      "type": "TextBlock",
                      "text": "@{if(equals(item()?[6],null),'',item()?[6])}",
                      "wrap": true,
                      "weight": "Bolder"
                    },
                    {
                      "type": "Input.Toggle",
                      "title": "\n",
                      "isVisible": "@{if(and(not(equals(item()?[6],null)),not(or(equals(formatDateTime(concat(triggerBody()['number_1'],'-',triggerBody()['number'],'-',item()?[6]),'ddd'),'Sat'),equals(formatDateTime(concat(triggerBody()['number_1'],'-',triggerBody()['number'],'-',item()?[6]),'ddd'),'Sun')))),true,false)}",
                      "id": "@{if(equals(item()?[6],null),guid(),concat('OData__x0044_ay',string(item()?[6])))}",
                      "wrap": "true"
                    }
                  ]
                }
              ]
            }
          }
        },
        "Apply_to_each_-_employee": {
          "foreach": "@outputs('Get_items_-_Employee_details')?['body/value']",
          "actions": {
            "Post_overtime_survey_and_wait_for_response": {
              "runAfter": {},
              "metadata": {
                "operationMetadataId": "255891a7-ce76-41c9-a2ca-4d1b19d4187a"
              },
              "type": "OpenApiConnectionWebhook",
              "inputs": {
                "host": {
                  "connectionName": "shared_teams",
                  "operationId": "PostCardAndWaitForResponse",
                  "apiId": "/providers/Microsoft.PowerApps/apis/shared_teams"
                },
                "parameters": {
                  "poster": "Flow bot",
                  "location": "Chat with Flow bot",
                  "body/body/messageBody": "{\n    \"type\": \"AdaptiveCard\",\n    \"$schema\": \"http://adaptivecards.io/schemas/adaptive-card.json\",\n    \"version\": \"1.5\",\n    \"body\": [\n        {\n            \"type\": \"TextBlock\",\n            \"text\": \"Hi @{items('Apply_to_each_-_employee')?['Employee/DisplayName']},\\n\\nPlease select the days you have planned to work overtime for @{outputs('Compose_Month_Year_format')}\",\n            \"wrap\": true,\n            \"horizontalAlignment\": \"Left\",\n            \"weight\": \"Bolder\"\n        },\n        {\n            \"type\": \"Table\",\n            \"columns\": [\n                {\n                    \"width\": 50\n                },\n                {\n                    \"width\": 50\n                },\n                {\n                    \"width\": 50\n                },\n                {\n                    \"width\": 50\n                },\n                {\n                    \"width\": 50\n                },\n                {\n                    \"width\": 50\n                },\n                {\n                    \"width\": 50\n                }\n            ],\n            \"rows\": [\n@{join(body('Select_-_Constructing_the_adaptive_card_calendar'),',')}\n            ],\n            \"firstRowAsHeaders\": false\n        }\n    ],\n    \"actions\": [\n        {\n            \"type\": \"Action.Submit\",\n            \"title\": \"Submit\"\n        }\n    ]\n}",
                  "body/body/updateMessage": "Thanks for your response @{items('Apply_to_each_-_employee')?['Employee/DisplayName']}!",
                  "body/body/recipient/to": "@{items('Apply_to_each_-_employee')?['Employee/Email']};"
                },
                "authentication": {
                  "type": "Raw",
                  "value": "@json(decodeBase64(triggerOutputs().headers['X-MS-APIM-Tokens']))['$ConnectionKey']"
                }
              }
            },
            "Split_the_json_data": {
              "runAfter": {
                "Post_overtime_survey_and_wait_for_response": [
                  "Succeeded"
                ]
              },
              "metadata": {
                "operationMetadataId": "b20f3458-fb6d-42d7-82e1-530f72706713"
              },
              "type": "Compose",
              "inputs": "@split(string(body('Post_overtime_survey_and_wait_for_response')?['data']),',')"
            },
            "Filter_whether_item_contains_OData__x0044_ay": {
              "runAfter": {
                "Split_the_json_data": [
                  "Succeeded"
                ]
              },
              "metadata": {
                "operationMetadataId": "3af10eaa-b1ae-4a66-99f7-4a66300e731a"
              },
              "type": "Query",
              "inputs": {
                "from": "@outputs('Split_the_json_data')",
                "where": "@contains(item(), 'OData__x0044_ay')"
              }
            },
            "Compose_Final_Json": {
              "runAfter": {
                "Filter_whether_item_contains_OData__x0044_ay": [
                  "Succeeded"
                ]
              },
              "metadata": {
                "operationMetadataId": "f1db09c8-f917-4d81-858e-88358e7e82d9"
              },
              "type": "Compose",
              "inputs": "@addProperty(addProperty(addProperty(json(join(body('Filter_whether_item_contains_OData__x0044_ay'),',')),'Title',items('Apply_to_each_-_employee')?['Title']),'EmployeeName',items('Apply_to_each_-_employee')?['Employee/DisplayName']),'Month',outputs('Compose_Month_Year_format'))"
            },
            "Get_items_from_overtime_list": {
              "runAfter": {
                "Compose_Final_Json": [
                  "Succeeded"
                ]
              },
              "metadata": {
                "operationMetadataId": "dcc100e9-bac2-4532-a7d9-1d49edbd155c"
              },
              "type": "OpenApiConnection",
              "inputs": {
                "host": {
                  "connectionName": "shared_sharepointonline",
                  "operationId": "GetItems",
                  "apiId": "/providers/Microsoft.PowerApps/apis/shared_sharepointonline"
                },
                "parameters": {
                  "dataset": "@parameters('SharePointSite (cr635_SharePointSite)')",
                  "table": "@variables('OvertimeListName')",
                  "$filter": "Title eq '@{items('Apply_to_each_-_employee')?['Title']}' and Month eq '@{outputs('Compose_Month_Year_format')}'"
                },
                "authentication": {
                  "type": "Raw",
                  "value": "@json(decodeBase64(triggerOutputs().headers['X-MS-APIM-Tokens']))['$ConnectionKey']"
                }
              }
            },
            "Condition-_update_or_create": {
              "actions": {
                "Create_item": {
                  "runAfter": {},
                  "metadata": {
                    "operationMetadataId": "7b83ed4a-650e-4582-a0fb-51180c3b6653"
                  },
                  "type": "OpenApiConnection",
                  "inputs": {
                    "host": {
                      "connectionName": "shared_sharepointonline",
                      "operationId": "PostItem",
                      "apiId": "/providers/Microsoft.PowerApps/apis/shared_sharepointonline"
                    },
                    "parameters": {
                      "dataset": "@parameters('SharePointSite (cr635_SharePointSite)')",
                      "table": "@variables('OvertimeListName')",
                      "item": "@outputs('Compose_Final_Json')"
                    },
                    "authentication": {
                      "type": "Raw",
                      "value": "@json(decodeBase64(triggerOutputs().headers['X-MS-APIM-Tokens']))['$ConnectionKey']"
                    }
                  }
                }
              },
              "runAfter": {
                "Get_items_from_overtime_list": [
                  "Succeeded"
                ]
              },
              "else": {
                "actions": {
                  "Update_item": {
                    "runAfter": {},
                    "metadata": {
                      "operationMetadataId": "f0c61f6d-33ff-4c90-89bb-d3d8dc344761"
                    },
                    "type": "OpenApiConnection",
                    "inputs": {
                      "host": {
                        "connectionName": "shared_sharepointonline",
                        "operationId": "PatchItem",
                        "apiId": "/providers/Microsoft.PowerApps/apis/shared_sharepointonline"
                      },
                      "parameters": {
                        "dataset": "@parameters('SharePointSite (cr635_SharePointSite)')",
                        "table": "@variables('OvertimeListName')",
                        "id": "@first(outputs('Get_items_from_overtime_list')?['body/value'])?['ID']",
                        "item": "@outputs('Compose_Final_Json')"
                      },
                      "authentication": {
                        "type": "Raw",
                        "value": "@json(decodeBase64(triggerOutputs().headers['X-MS-APIM-Tokens']))['$ConnectionKey']"
                      }
                    }
                  }
                }
              },
              "expression": {
                "equals": [
                  "@length(outputs('Get_items_from_overtime_list')?['body/value'])",
                  0
                ]
              },
              "metadata": {
                "operationMetadataId": "0e6c29ee-4388-4bcf-b054-27be7680f968"
              },
              "type": "If"
            }
          },
          "runAfter": {
            "Compose_Month_Year_format": [
              "Succeeded"
            ]
          },
          "metadata": {
            "operationMetadataId": "f0c0edfd-fbbe-4c25-9258-5460c55e61a2"
          },
          "type": "Foreach",
          "runtimeConfiguration": {
            "concurrency": {
              "repetitions": 50
            }
          }
        },
        "Compose_Month_Year_format": {
          "runAfter": {
            "Select_-_Constructing_the_adaptive_card_calendar": [
              "Succeeded"
            ]
          },
          "metadata": {
            "operationMetadataId": "dfe96e54-d424-4302-8b8a-108bf6bb91da"
          },
          "type": "Compose",
          "inputs": "@formatDateTime(concat(string(triggerBody()['number_1']),'-',string(triggerBody()['number']),'-01'),'MMMM yyyy')"
        },
        "Initialize_variable-_Sharepoint_List_name": {
          "runAfter": {},
          "metadata": {
            "operationMetadataId": "e8a17548-19d4-4673-be0b-77dd025d3b81"
          },
          "type": "InitializeVariable",
          "inputs": {
            "variables": [
              {
                "name": "OvertimeListName",
                "type": "string",
                "value": "@parameters('Overtime Sharepoint list name (cr635_OvertimeSharepointlistname)')"
              }
            ]
          }
        }
      }
    },
    "templateName": ""
  },
  "schemaVersion": "1.0.0.0"
}